TDSFU Daily run: Mon Oct 27 15:38:14 UTC 2025 TDSFU
TDSFU Daily run: Tue Oct 28 04:34:13 UTC 2025 TDSFU
TDSFU Daily run: Wed Oct 29 04:38:47 UTC 2025 TDSFU
TDSFU Daily run: Thu Oct 30 04:33:40 UTC 2025 TDSFU
TDSFU Daily run: Fri Oct 31 04:35:51 UTC 2025 TDSFU
TDSFU Daily run: Sat Nov  1 04:31:51 UTC 2025 TDSFU
TDSFU Daily run: Sun Nov  2 04:33:39 UTC 2025 TDSFU
TDSFU Daily run: Mon Nov  3 04:40:03 UTC 2025 TDSFU
TDSFU Daily run: Tue Nov  4 04:34:19 UTC 2025 TDSFU
TDSFU Daily run: Wed Nov  5 04:34:38 UTC 2025 TDSFU
TDSFU Daily run: Thu Nov  6 04:38:28 UTC 2025 TDSFU
TDSFU Daily run: Fri Nov  7 04:34:11 UTC 2025 TDSFU
